,title,production_country_name
0,Harry Potter and the Chamber of Secrets,Germany
1,The Lord of the Rings: The Two Towers,New Zealand
2,Men in Black II,United States of America
3,Catch Me If You Can,United States of America
4,Spider-Man,United States of America
5,Ice Age,United States of America
6,The Scorpion King,United States of America
7,The Bourne Identity,United States of America
8,Minority Report,United States of America
9,Die Another Day,United Kingdom
10,Scooby-Doo,United States of America
11,The Transporter,United States of America
12,Resident Evil,France
13,Lilo & Stitch,United States of America
14,28 Days Later,United Kingdom
15,Spirit: Stallion of the Cimarron,United States of America
16,Blade II,Germany
17,Undisputed,United States of America
18,Panic Room,United States of America
19,The Pianist,France
20,Treasure Planet,United States of America
21,City of God,Brazil
22,Signs,United States of America
23,Star Wars: Episode II - Attack of the Clones,United States of America
24,xXx,United States of America
25,Gangs of New York,United States of America
26,Phone Booth,United States of America
27,We Were Soldiers,Germany
28,25th Hour,United States of America
29,Hero,China
30,8 Mile,United States of America
31,The Time Machine,United States of America
32,Austin Powers in Goldmember,United States of America
33,Equilibrium,United States of America
34,Spy Kids 2: The Island of Lost Dreams,United States of America
35,Adaptation.,United States of America
36,My Big Fat Greek Wedding,Canada
37,Chicago,United States of America
38,Sweet Home Alabama,United States of America
39,A Walk to Remember,United States of America
40,Windtalkers,United States of America
41,Bend It Like Beckham,India
42,Friday After Next,United States of America
43,Queen of the Damned,Australia
44,I Spy,United States of America
45,Halloween: Resurrection,United States of America
46,Insomnia,United States of America
47,Irreversible,France
48,Mr. Deeds,United States of America
49,Unfaithful,United States of America
50,Confessions of a Dangerous Mind,United States of America
51,The Hours,United States of America
52,Ghost Ship,Australia
53,The Sum of All Fears,United States of America
54,Return to Never Land,Australia
55,Frida,Mexico
56,Reign of Fire,Ireland
57,Bad Company,United States of America
58,The Count of Monte Cristo,United States of America
59,The Santa Clause 2,United States of America
60,Two Weeks Notice,Australia
61,Jackass: The Movie,United States of America
62,Maid in Manhattan,United States of America
63,Road to Perdition,United States of America
64,Star Trek: Nemesis,United States of America
65,Stuart Little 2,United States of America
66,The Rookie,United States of America
67,Changing Lanes,United States of America
68,Hart's War,United States of America
69,About Schmidt,United States of America
70,Barbershop,United States of America
71,Murder by Numbers,United States of America
72,K-19: The Widowmaker,Canada
73,Boat Trip,Germany
74,Secretary,United States of America
75,Femme Fatale,Switzerland
76,Serving Sara,Germany
77,The Four Feathers,United Kingdom
78,D-Tox,United States of America
79,The Spanish Apartment,France
80,Punch-Drunk Love,United States of America
81,Dragonfly,Germany
82,40 Days and 40 Nights,United States of America
83,The Sweetest Thing,United States of America
84,One Hour Photo,United States of America
85,About a Boy,United Kingdom
86,High Crimes,United States of America
87,Collateral Damage,United States of America
88,Enough,United States of America
89,Analyze That,Australia
90,Eight Legged Freaks,Australia
91,The Quiet American,United States of America
92,The Adventures of Pluto Nash,Australia
93,Dark Blue,Germany
94,Solaris,Russia
95,The Tuxedo,United States of America
96,Rabbit-Proof Fence,Australia
97,Blood Work,United States of America
98,The Mothman Prophecies,United States of America
99,Narc,Canada
100,Far from Heaven,United States of America
101,Ballistic: Ecks vs. Sever,Germany
102,Darkness,Spain
103,Swimfan,United States of America
104,The Importance of Being Earnest,France
105,City By The Sea,United States of America
106,Crossroads,United States of America
107,Bowling for Columbine,United States of America
108,Big Fat Liar,United States of America
109,The Eye,United States of America
110,Cypher,United States of America
111,Life or Something Like It,Canada
112,The Master of Disguise,United States of America
113,Snow Dogs,Canada
114,Drumline,United States of America
115,The Rules of Attraction,Germany
116,The Good Girl,Netherlands
117,8 Women,France
118,Bubba Ho-tep,United States of America
119,Spider,Canada
120,John Q,United States of America
121,The New Guy,United States of America
122,Rollerball,Germany
123,Big Trouble,United States of America
124,Undercover Brother,United States of America
125,May,United States of America
126,Dark Water,United States of America
127,Swept Away,Italy
128,Kung Pow: Enter the Fist,Hong Kong
129,Like Mike,United States of America
130,Bloody Sunday,Ireland
131,FearDotCom,Germany
132,Antwone Fisher,United States of America
133,Blue Crush,Germany
134,Dirty Pretty Things,United Kingdom
135,White Oleander,Germany
136,Amen.,France
137,The Guru,France
138,Clockstoppers,United States of America
139,The Emperor's Club,United States of America
140,Lilya 4-ever,Denmark
141,Sorority Boys,United States of America
142,Hollywood Ending,United States of America
143,Igby Goes Down,United States of America
144,Spun,United States of America
145,Death to Smoochy,Germany
146,The Banger Sisters,United States of America
147,The Wild Thornberrys Movie,United States of America
148,Divine Secrets of the Ya-Ya Sisterhood,United States of America
149,All About the Benjamins,United States of America
150,Slackers,Canada
151,Gerry,United States of America
152,Moonlight Mile,United States of America
153,They,United States of America
154,Half Past Dead,Germany
155,The Dangerous Lives of Altar Boys,United States of America
156,Carrie,United States of America
157,Hey Arnold! The Movie,United States of America
158,Welcome to Collinwood,Germany
159,No Good Deed,United States of America
160,Ripley's Game,United Kingdom
161,Derailed,United Kingdom
162,Extreme Ops,United States of America
163,Nicholas Nickleby,United Kingdom
164,Auto Focus,United States of America
165,Pinocchio,United States of America
166,Tuck Everlasting,United States of America
167,Stealing Harvard,United States of America
168,Abandon,Australia
169,The Country Bears,United States of America
170,People I Know,Germany
171,Spellbound,United States of America
172,The Crime of Padre Amaro,Mexico
173,Max,United States of America
174,Highway,United States of America
175,Full Frontal,United States of America
176,Morvern Callar,United Kingdom
177,Deuces Wild,Germany
179,Poolhall Junkies,United States of America
180,All or Nothing,France
181,Red Dragon,Germany
182,The Crocodile Hunter: Collision Course,Australia
183,Mondays in the Sun,Spain
185,Juwanna Mann,United States of America
186,City of Ghosts,United States of America
187,Alive,United States of America
188,Better Luck Tomorrow,United States of America
190,Raising Victor Vargas,United States of America
191,New Year's Eve,United States of America
192,Tadpole,United States of America
193,Tycoon,United States of America
194,Jonah: A VeggieTales Movie,United States of America
195,Ararat,Canada
196,War,United States of America
197,Men with Brooms,Canada
198,The Singles Ward,United States of America
199,The Singles Ward,United States of America
200,Addicted,United States of America
201,Three,Germany
202,Hostage,Germany
205,Stranded,United States of America
206,The Slaughter Rule,United States of America
207,Dracula: Pages from a Virgin's Diary,Canada
209,Cinderella,United Kingdom
210,Contagion,United States of America
211,Harry Potter and the Chamber of Secrets,United Kingdom
212,The Lord of the Rings: The Two Towers,United States of America
217,The Scorpion King,Germany
218,The Bourne Identity,Germany
220,Die Another Day,United States of America
222,The Transporter,France
223,Resident Evil,Germany
227,Blade II,United States of America
230,The Pianist,Germany
232,City of God,France
236,Gangs of New York,Italy
238,We Were Soldiers,United States of America
247,My Big Fat Greek Wedding,United States of America
252,Bend It Like Beckham,Germany
254,Queen of the Damned,United States of America
263,Ghost Ship,United States of America
265,Return to Never Land,Canada
266,Frida,United States of America
267,Reign of Fire,United Kingdom
271,Two Weeks Notice,United States of America
283,K-19: The Widowmaker,Germany
284,Boat Trip,United States of America
286,Femme Fatale,France
287,Serving Sara,United States of America
288,The Four Feathers,United States of America
292,Dragonfly,United States of America
293,40 Days and 40 Nights,France
296,About a Boy,United States of America
300,Analyze That,United States of America
301,Eight Legged Freaks,United States of America
303,The Adventures of Pluto Nash,United States of America
304,Dark Blue,United Kingdom
310,Narc,United States of America
312,Ballistic: Ecks vs. Sever,United States of America
313,Darkness,United States of America
315,The Importance of Being Earnest,United Kingdom
322,Life or Something Like It,United States of America
324,Snow Dogs,United States of America
326,The Rules of Attraction,United States of America
327,The Good Girl,Germany
328,8 Women,Italy
330,Spider,United Kingdom
333,Rollerball,Japan
338,Swept Away,United Kingdom
339,Kung Pow: Enter the Fist,United States of America
341,Bloody Sunday,United Kingdom
342,FearDotCom,Luxembourg
344,Blue Crush,United States of America
346,White Oleander,United States of America
347,Amen.,Germany
348,The Guru,United Kingdom
351,Lilya 4-ever,Sweden
356,Death to Smoochy,United Kingdom
361,Slackers,United States of America
362,Gerry,Argentina
365,Half Past Dead,United States of America
369,Welcome to Collinwood,United States of America
371,Ripley's Game,United States of America
372,Derailed,United States of America
374,Nicholas Nickleby,United States of America
379,Abandon,United States of America
381,People I Know,United States of America
387,Morvern Callar,Canada
388,Deuces Wild,United States of America
391,All or Nothing,United Kingdom
392,Red Dragon,United States of America
393,The Crocodile Hunter: Collision Course,United States of America
394,Mondays in the Sun,France
406,Ararat,France
407,War,Canada
413,Hostage,United States of America
420,Cinderella,United States of America
421,Contagion,United Arab Emirates
422,Harry Potter and the Chamber of Secrets,United States of America
428,The Scorpion King,Belgium
429,The Bourne Identity,Czech Republic
434,Resident Evil,United Kingdom
441,The Pianist,Poland
463,Bend It Like Beckham,United Kingdom
476,Return to Never Land,United States of America
477,Frida,Canada
478,Reign of Fire,United States of America
494,K-19: The Widowmaker,United Kingdom
504,40 Days and 40 Nights,United Kingdom
515,Dark Blue,United States of America
526,The Importance of Being Earnest,United States of America
538,The Good Girl,United States of America
544,Rollerball,United States of America
553,FearDotCom,United Kingdom
558,Amen.,Romania
559,The Guru,United States of America
567,Death to Smoochy,United States of America
582,Ripley's Game,Italy
605,Mondays in the Sun,Italy
645,Resident Evil,United States of America
652,The Pianist,United Kingdom
674,Bend It Like Beckham,United States of America
705,K-19: The Widowmaker,United States of America
764,FearDotCom,United States of America
