,title,production_companies,production_countries,revenue
0,Harry Potter and the Chamber of Secrets,"[{""name"": ""1492 Pictures"", ""id"": 436}, {""name"": ""Heyday films"", ""id"": 437}, {""name"": ""Warner Bros."", ""id"": 6194}]","[{""iso_3166_1"": ""DE"", ""name"": ""Germany""}, {""iso_3166_1"": ""GB"", ""name"": ""United Kingdom""}, {""iso_3166_1"": ""US"", ""name"": ""United States of America""}]",876688482
1,The Lord of the Rings: The Two Towers,"[{""name"": ""WingNut Films"", ""id"": 11}, {""name"": ""New Line Cinema"", ""id"": 12}, {""name"": ""The Saul Zaentz Company"", ""id"": 5237}]","[{""iso_3166_1"": ""NZ"", ""name"": ""New Zealand""}, {""iso_3166_1"": ""US"", ""name"": ""United States of America""}]",926287400
2,Men in Black II,"[{""name"": ""Columbia Pictures"", ""id"": 5}, {""name"": ""Amblin Entertainment"", ""id"": 56}, {""name"": ""Columbia Pictures Corporation"", ""id"": 441}, {""name"": ""Parkes+MacDonald Image Nation"", ""id"": 49325}]","[{""iso_3166_1"": ""US"", ""name"": ""United States of America""}]",441818803
3,Catch Me If You Can,"[{""name"": ""Kemp Company"", ""id"": 367}, {""name"": ""Splendid Pictures"", ""id"": 368}, {""name"": ""Parkes/MacDonald Productions"", ""id"": 11084}]","[{""iso_3166_1"": ""US"", ""name"": ""United States of America""}]",352114312
4,Spider-Man,"[{""name"": ""Columbia Pictures"", ""id"": 5}, {""name"": ""Marvel Enterprises"", ""id"": 19551}]","[{""iso_3166_1"": ""US"", ""name"": ""United States of America""}]",821708551
5,Ice Age,"[{""name"": ""Twentieth Century Fox Film Corporation"", ""id"": 306}, {""name"": ""Blue Sky Studios"", ""id"": 9383}, {""name"": ""Twentieth Century Fox Animation"", ""id"": 11749}]","[{""iso_3166_1"": ""US"", ""name"": ""United States of America""}]",383257136
6,The Scorpion King,"[{""name"": ""Universal Pictures"", ""id"": 33}, {""name"": ""Kalima Productions GmbH & Co. KG"", ""id"": 7385}, {""name"": ""World Wrestling Entertainment (WWE)"", ""id"": 7588}, {""name"": ""Alphaville Films"", ""id"": 11462}]","[{""iso_3166_1"": ""US"", ""name"": ""United States of America""}, {""iso_3166_1"": ""DE"", ""name"": ""Germany""}, {""iso_3166_1"": ""BE"", ""name"": ""Belgium""}]",165333180
7,The Bourne Identity,"[{""name"": ""Universal Pictures"", ""id"": 33}, {""name"": ""Kennedy/Marshall Company, The"", ""id"": 7383}, {""name"": ""Hypnotic"", ""id"": 7384}, {""name"": ""Kalima Productions GmbH & Co. KG"", ""id"": 7385}, {""name"": ""Stillking Films"", ""id"": 11345}]","[{""iso_3166_1"": ""US"", ""name"": ""United States of America""}, {""iso_3166_1"": ""DE"", ""name"": ""Germany""}, {""iso_3166_1"": ""CZ"", ""name"": ""Czech Republic""}]",214034224
8,Minority Report,"[{""name"": ""DreamWorks SKG"", ""id"": 27}, {""name"": ""Cruise/Wagner Productions"", ""id"": 44}, {""name"": ""Amblin Entertainment"", ""id"": 56}, {""name"": ""Twentieth Century Fox Film Corporation"", ""id"": 306}, {""name"": ""Blue Tulip Productions"", ""id"": 766}, {""name"": ""Ronald Shusett/Gary Goldman"", ""id"": 26265}, {""name"": ""Digital Image Associates"", ""id"": 76068}]","[{""iso_3166_1"": ""US"", ""name"": ""United States of America""}]",358372926
9,Die Another Day,"[{""name"": ""Eon Productions"", ""id"": 7576}]","[{""iso_3166_1"": ""GB"", ""name"": ""United Kingdom""}, {""iso_3166_1"": ""US"", ""name"": ""United States of America""}]",431971116
10,Scooby-Doo,"[{""name"": ""Atlas Entertainment"", ""id"": 507}, {""name"": ""Mosaic Media Group"", ""id"": 748}, {""name"": ""Warner Bros."", ""id"": 6194}]","[{""iso_3166_1"": ""US"", ""name"": ""United States of America""}]",275650703
11,The Transporter,"[{""name"": ""TF1 Films Productions"", ""id"": 356}, {""name"": ""Current Entertainment"", ""id"": 972}, {""name"": ""Canal+"", ""id"": 5358}, {""name"": ""EuropaCorp"", ""id"": 6896}]","[{""iso_3166_1"": ""US"", ""name"": ""United States of America""}, {""iso_3166_1"": ""FR"", ""name"": ""France""}]",43928932
12,Resident Evil,"[{""name"": ""Impact Pictures"", ""id"": 248}, {""name"": ""Davis-Films"", ""id"": 342}, {""name"": ""New Legacy"", ""id"": 939}, {""name"": ""Constantin Film Produktion"", ""id"": 5755}]","[{""iso_3166_1"": ""FR"", ""name"": ""France""}, {""iso_3166_1"": ""DE"", ""name"": ""Germany""}, {""iso_3166_1"": ""GB"", ""name"": ""United Kingdom""}, {""iso_3166_1"": ""US"", ""name"": ""United States of America""}]",102984862
13,Lilo & Stitch,"[{""name"": ""Walt Disney Pictures"", ""id"": 2}, {""name"": ""Walt Disney Feature Animation"", ""id"": 10217}]","[{""iso_3166_1"": ""US"", ""name"": ""United States of America""}]",145771527
14,28 Days Later,"[{""name"": ""DNA Films"", ""id"": 284}, {""name"": ""British Film Council"", ""id"": 10889}]","[{""iso_3166_1"": ""GB"", ""name"": ""United Kingdom""}]",82719885
15,Spirit: Stallion of the Cimarron,"[{""name"": ""DreamWorks SKG"", ""id"": 27}, {""name"": ""DreamWorks Animation"", ""id"": 521}]","[{""iso_3166_1"": ""US"", ""name"": ""United States of America""}]",122563539
16,Blade II,"[{""name"": ""New Line Cinema"", ""id"": 12}, {""name"": ""Amen Ra Films"", ""id"": 421}, {""name"": ""Milk & Honey"", ""id"": 5611}, {""name"": ""Imaginary Forces"", ""id"": 11321}, {""name"": ""Justin Pictures"", ""id"": 11322}, {""name"": ""Linovo Productions GmbH & Co. KG"", ""id"": 11323}, {""name"": ""Pacific Title and Art Studio"", ""id"": 11324}, {""name"": ""Marvel Enterprises"", ""id"": 19551}]","[{""iso_3166_1"": ""DE"", ""name"": ""Germany""}, {""iso_3166_1"": ""US"", ""name"": ""United States of America""}]",155010032
17,Undisputed,"[{""name"": ""Miramax Films"", ""id"": 14}, {""name"": ""Amen Ra Films"", ""id"": 421}]","[{""iso_3166_1"": ""US"", ""name"": ""United States of America""}]",12398628
18,Panic Room,"[{""name"": ""Hofflund/Polone"", ""id"": 1685}, {""name"": ""Indelible Productions"", ""id"": 7795}]","[{""iso_3166_1"": ""US"", ""name"": ""United States of America""}]",196397415
19,The Pianist,"[{""name"": ""Bac Films"", ""id"": 208}, {""name"": ""Canal+Polska"", ""id"": 250}, {""name"": ""Heritage Films"", ""id"": 260}, {""name"": ""Studio Babelsberg"", ""id"": 264}, {""name"": ""Agencja Produkcji Filmowej"", ""id"": 266}, {""name"": ""Beverly Detroit"", ""id"": 267}, {""name"": ""FilmFernsehFonds Bayern"", ""id"": 268}, {""name"": ""Filmboard Berlin-Brandenburg (FBB)"", ""id"": 269}, {""name"": ""Mainstream S.A."", ""id"": 271}, {""name"": ""R.P. Productions"", ""id"": 355}, {""name"": ""StudioCanal"", ""id"": 694}, {""name"": ""Filmf\u00f6rderungsanstalt (FFA)"", ""id"": 4247}, {""name"": ""Canal+"", ""id"": 5358}, {""name"": ""Interscope Communications"", ""id"": 10201}, {""name"": ""Telewizja Polska (TVP)"", ""id"": 19150}, {""name"": ""Runteam"", ""id"": 31087}]","[{""iso_3166_1"": ""FR"", ""name"": ""France""}, {""iso_3166_1"": ""DE"", ""name"": ""Germany""}, {""iso_3166_1"": ""PL"", ""name"": ""Poland""}, {""iso_3166_1"": ""GB"", ""name"": ""United Kingdom""}]",120072577
20,Treasure Planet,"[{""name"": ""Walt Disney Pictures"", ""id"": 2}, {""name"": ""Walt Disney Feature Animation"", ""id"": 10217}]","[{""iso_3166_1"": ""US"", ""name"": ""United States of America""}]",109578115
21,City of God,"[{""name"": ""O2 Filmes"", ""id"": 345}, {""name"": ""VideoFilmes"", ""id"": 346}, {""name"": ""Wild Bunch"", ""id"": 856}, {""name"": ""Globo filmes"", ""id"": 10954}, {""name"": ""Lumiere"", ""id"": 11444}, {""name"": ""Hank Levine Film"", ""id"": 11445}, {""name"": ""Lereby Productions"", ""id"": 11446}]","[{""iso_3166_1"": ""BR"", ""name"": ""Brazil""}, {""iso_3166_1"": ""FR"", ""name"": ""France""}]",30641770
22,Signs,"[{""name"": ""Kennedy/Marshall Company, The"", ""id"": 7383}, {""name"": ""Touchstone Pictures"", ""id"": 9195}, {""name"": ""Blinding Edge Pictures"", ""id"": 12236}]","[{""iso_3166_1"": ""US"", ""name"": ""United States of America""}]",408247917
23,Star Wars: Episode II - Attack of the Clones,"[{""name"": ""Lucasfilm"", ""id"": 1}]","[{""iso_3166_1"": ""US"", ""name"": ""United States of America""}]",649398328
24,xXx,"[{""name"": ""Columbia Pictures"", ""id"": 5}, {""name"": ""Original Film"", ""id"": 333}, {""name"": ""Revolution Studios"", ""id"": 497}]","[{""iso_3166_1"": ""US"", ""name"": ""United States of America""}]",277448382
25,Gangs of New York,"[{""name"": ""Miramax Films"", ""id"": 14}, {""name"": ""Initial Entertainment Group (IEG)"", ""id"": 7380}, {""name"": ""Alberto Grimaldi Productions"", ""id"": 7381}]","[{""iso_3166_1"": ""US"", ""name"": ""United States of America""}, {""iso_3166_1"": ""IT"", ""name"": ""Italy""}]",193772504
26,Phone Booth,"[{""name"": ""Fox 2000 Pictures"", ""id"": 711}]","[{""iso_3166_1"": ""US"", ""name"": ""United States of America""}]",97837138
27,We Were Soldiers,"[{""name"": ""Icon Entertainment International"", ""id"": 4564}, {""name"": ""Wheelhouse Entertainment"", ""id"": 53005}, {""name"": ""Motion Picture Production GmbH & Co. Erste KG"", ""id"": 53006}]","[{""iso_3166_1"": ""DE"", ""name"": ""Germany""}, {""iso_3166_1"": ""US"", ""name"": ""United States of America""}]",114660784
28,25th Hour,"[{""name"": ""40 Acres & A Mule Filmworks"", ""id"": 4319}, {""name"": ""Touchstone Pictures"", ""id"": 9195}]","[{""iso_3166_1"": ""US"", ""name"": ""United States of America""}]",13060843
29,Hero,"[{""name"": ""Beijing New Picture Film Co. Ltd."", ""id"": 724}, {""name"": ""China Film Co-Production Corporation"", ""id"": 2269}]","[{""iso_3166_1"": ""CN"", ""name"": ""China""}]",177394432
30,8 Mile,"[{""name"": ""Imagine Entertainment"", ""id"": 23}, {""name"": ""Mikona Productions GmbH & Co. KG"", ""id"": 24}]","[{""iso_3166_1"": ""US"", ""name"": ""United States of America""}]",215000000
31,The Time Machine,"[{""name"": ""DreamWorks SKG"", ""id"": 27}, {""name"": ""Warner Bros."", ""id"": 6194}]","[{""iso_3166_1"": ""US"", ""name"": ""United States of America""}]",123729176
32,Austin Powers in Goldmember,"[{""name"": ""New Line Cinema"", ""id"": 12}, {""name"": ""Eric's Boy"", ""id"": 595}, {""name"": ""Team Todd"", ""id"": 598}, {""name"": ""Moving Pictures"", ""id"": 15888}, {""name"": ""Gratitude International"", ""id"": 52943}]","[{""iso_3166_1"": ""US"", ""name"": ""United States of America""}]",296655431
33,Equilibrium,"[{""name"": ""Dimension Films"", ""id"": 7405}, {""name"": ""Blue Tulip Productions"", ""id"": 35304}]","[{""iso_3166_1"": ""US"", ""name"": ""United States of America""}]",5359645
34,Spy Kids 2: The Island of Lost Dreams,"[{""name"": ""Dimension Films"", ""id"": 7405}]","[{""iso_3166_1"": ""US"", ""name"": ""United States of America""}]",119723358
35,Adaptation.,"[{""name"": ""Beverly Detroit"", ""id"": 267}, {""name"": ""Propaganda Films"", ""id"": 278}, {""name"": ""Clinica Estetico"", ""id"": 1274}, {""name"": ""Intermedia"", ""id"": 8856}, {""name"": ""Good Machine"", ""id"": 10565}, {""name"": ""Magnet Productions"", ""id"": 23227}]","[{""iso_3166_1"": ""US"", ""name"": ""United States of America""}]",32801173
36,My Big Fat Greek Wedding,"[{""name"": ""Home Box Office (HBO)"", ""id"": 3268}, {""name"": ""Playtone"", ""id"": 4171}, {""name"": ""Gold Circle Films"", ""id"": 12026}, {""name"": ""Ontario Film Development Corporation"", ""id"": 22210}, {""name"": ""MPH Entertainment Productions"", ""id"": 95018}]","[{""iso_3166_1"": ""CA"", ""name"": ""Canada""}, {""iso_3166_1"": ""US"", ""name"": ""United States of America""}]",368744044
37,Chicago,"[{""name"": ""Miramax Films"", ""id"": 14}, {""name"": ""Producers Circle"", ""id"": 734}, {""name"": ""Storyline Entertainment"", ""id"": 8797}]","[{""iso_3166_1"": ""US"", ""name"": ""United States of America""}]",306776732
38,Sweet Home Alabama,"[{""name"": ""Touchstone Pictures"", ""id"": 9195}]","[{""iso_3166_1"": ""US"", ""name"": ""United States of America""}]",180622424
39,A Walk to Remember,"[{""name"": ""DiNovi Pictures"", ""id"": 813}, {""name"": ""Pandora Pictures"", ""id"": 5329}, {""name"": ""Gaylord Films"", ""id"": 5367}, {""name"": ""Warner Bros."", ""id"": 6194}]","[{""iso_3166_1"": ""US"", ""name"": ""United States of America""}]",41227069
40,Windtalkers,"[{""name"": ""Lion Rock Productions"", ""id"": 2812}, {""name"": ""Metro-Goldwyn-Mayer (MGM)"", ""id"": 8411}]","[{""iso_3166_1"": ""US"", ""name"": ""United States of America""}]",77628265
41,Bend It Like Beckham,"[{""name"": ""Fox Searchlight Pictures"", ""id"": 43}, {""name"": ""Kintop Pictures"", ""id"": 1490}, {""name"": ""Filmf\u00f6rderung Hamburg"", ""id"": 2406}, {""name"": ""UK Film Council"", ""id"": 2452}]","[{""iso_3166_1"": ""IN"", ""name"": ""India""}, {""iso_3166_1"": ""DE"", ""name"": ""Germany""}, {""iso_3166_1"": ""GB"", ""name"": ""United Kingdom""}, {""iso_3166_1"": ""US"", ""name"": ""United States of America""}]",76578641
42,Friday After Next,"[{""name"": ""New Line Cinema"", ""id"": 12}]","[{""iso_3166_1"": ""US"", ""name"": ""United States of America""}]",33526835
43,Queen of the Damned,"[{""name"": ""Village Roadshow Pictures"", ""id"": 79}, {""name"": ""NPV Entertainment"", ""id"": 172}, {""name"": ""Warner Bros."", ""id"": 6194}, {""name"": ""WV Films LLC"", ""id"": 67988}, {""name"": ""Material"", ""id"": 67989}]","[{""iso_3166_1"": ""AU"", ""name"": ""Australia""}, {""iso_3166_1"": ""US"", ""name"": ""United States of America""}]",45479110
44,I Spy,"[{""name"": ""Columbia Pictures Corporation"", ""id"": 441}]","[{""iso_3166_1"": ""US"", ""name"": ""United States of America""}]",33561137
45,Halloween: Resurrection,"[{""name"": ""Dimension Films"", ""id"": 7405}]","[{""iso_3166_1"": ""US"", ""name"": ""United States of America""}]",37664855
46,Insomnia,"[{""name"": ""Section Eight"", ""id"": 129}, {""name"": ""Alcon Entertainment"", ""id"": 1088}, {""name"": ""Witt/Thomas Productions"", ""id"": 1089}]","[{""iso_3166_1"": ""US"", ""name"": ""United States of America""}]",113714830
47,Irreversible,"[{""name"": ""Eskwad"", ""id"": 616}, {""name"": ""StudioCanal"", ""id"": 694}, {""name"": ""Wild Bunch"", ""id"": 856}, {""name"": ""Les Cin\u00e9mas de la Zone"", ""id"": 1157}, {""name"": ""Nord-Ouest Productions"", ""id"": 4176}, {""name"": ""Canal+"", ""id"": 5358}, {""name"": ""120 Films"", ""id"": 19233}]","[{""iso_3166_1"": ""FR"", ""name"": ""France""}]",792
48,Mr. Deeds,"[{""name"": ""New Line Cinema"", ""id"": 12}, {""name"": ""Columbia Pictures Corporation"", ""id"": 441}, {""name"": ""Out of the Blue... Entertainment"", ""id"": 879}, {""name"": ""Happy Madison Productions"", ""id"": 2608}]","[{""iso_3166_1"": ""US"", ""name"": ""United States of America""}]",171269535
49,Unfaithful,"[{""name"": ""Regency Enterprises"", ""id"": 508}, {""name"": ""Fox 2000 Pictures"", ""id"": 711}, {""name"": ""Epsilon Motion Pictures"", ""id"": 1171}, {""name"": ""Unfaithful Filmproduktion GmbH & Co. KG"", ""id"": 58248}]","[{""iso_3166_1"": ""US"", ""name"": ""United States of America""}]",119137784
50,Confessions of a Dangerous Mind,"[{""name"": ""Miramax Films"", ""id"": 14}, {""name"": ""Allied Filmmakers"", ""id"": 1755}, {""name"": ""Mad Chance"", ""id"": 1757}]","[{""iso_3166_1"": ""US"", ""name"": ""United States of America""}]",33013805
51,The Hours,"[{""name"": ""Paramount Pictures"", ""id"": 4}, {""name"": ""Miramax Films"", ""id"": 14}, {""name"": ""Scott Rudin Productions"", ""id"": 258}]","[{""iso_3166_1"": ""US"", ""name"": ""United States of America""}]",41597830
52,Ghost Ship,"[{""name"": ""Village Roadshow Pictures"", ""id"": 79}, {""name"": ""NPV Entertainment"", ""id"": 172}, {""name"": ""Dark Castle Entertainment"", ""id"": 1786}, {""name"": ""Warner Bros."", ""id"": 6194}, {""name"": ""Ghost Ship Films Pty. Ltd."", ""id"": 53238}]","[{""iso_3166_1"": ""AU"", ""name"": ""Australia""}, {""iso_3166_1"": ""US"", ""name"": ""United States of America""}]",68349884
53,The Sum of All Fears,"[{""name"": ""Paramount Pictures"", ""id"": 4}, {""name"": ""Mace Neufeld Productions"", ""id"": 2767}, {""name"": ""MFP Munich Film Partners GmbH & Company I. Produktions KG"", ""id"": 21409}, {""name"": ""S.O.A.F. Productions"", ""id"": 21410}, {""name"": ""Mel's Cite du Cinema"", ""id"": 54502}]","[{""iso_3166_1"": ""US"", ""name"": ""United States of America""}]",193000000
54,Return to Never Land,"[{""name"": ""Walt Disney Pictures"", ""id"": 2}, {""name"": ""Walt Disney Television Animation"", ""id"": 3475}, {""name"": ""Walt Disney Animation Australia"", ""id"": 3476}, {""name"": ""DisneyToon Studios"", ""id"": 5391}, {""name"": ""Walt Disney Animation Canada"", ""id"": 12402}]","[{""iso_3166_1"": ""AU"", ""name"": ""Australia""}, {""iso_3166_1"": ""CA"", ""name"": ""Canada""}, {""iso_3166_1"": ""US"", ""name"": ""United States of America""}]",109862682
55,Frida,"[{""name"": ""Miramax Films"", ""id"": 14}, {""name"": ""Lions Gate Films"", ""id"": 35}, {""name"": ""Ventanarosa Productions"", ""id"": 689}, {""name"": ""Handprint Entertainment"", ""id"": 690}]","[{""iso_3166_1"": ""MX"", ""name"": ""Mexico""}, {""iso_3166_1"": ""US"", ""name"": ""United States of America""}, {""iso_3166_1"": ""CA"", ""name"": ""Canada""}]",56298474
56,Reign of Fire,"[{""name"": ""The Zanuck Company"", ""id"": 80}, {""name"": ""Spyglass Entertainment"", ""id"": 158}, {""name"": ""World 2000 Entertainment"", ""id"": 7692}, {""name"": ""Touchstone Pictures"", ""id"": 9195}, {""name"": ""Tripod Entertainment"", ""id"": 22902}]","[{""iso_3166_1"": ""IE"", ""name"": ""Ireland""}, {""iso_3166_1"": ""GB"", ""name"": ""United Kingdom""}, {""iso_3166_1"": ""US"", ""name"": ""United States of America""}]",43061982
57,Bad Company,"[{""name"": ""Jerry Bruckheimer Films"", ""id"": 130}, {""name"": ""Touchstone Pictures"", ""id"": 9195}, {""name"": ""Stillking Films"", ""id"": 11345}]","[{""iso_3166_1"": ""US"", ""name"": ""United States of America""}]",65977295
58,The Count of Monte Cristo,"[{""name"": ""Spyglass Entertainment"", ""id"": 158}, {""name"": ""World 2000 Entertainment"", ""id"": 7692}, {""name"": ""Count of Monte Cristo Ltd."", ""id"": 7693}, {""name"": ""Touchstone Pictures"", ""id"": 9195}]","[{""iso_3166_1"": ""US"", ""name"": ""United States of America""}]",75395048
59,The Santa Clause 2,"[{""name"": ""Walt Disney Pictures"", ""id"": 2}, {""name"": ""Outlaw Productions"", ""id"": 889}, {""name"": ""Boxing Cat Films"", ""id"": 12626}]","[{""iso_3166_1"": ""US"", ""name"": ""United States of America""}]",172855065
60,Two Weeks Notice,"[{""name"": ""Village Roadshow Pictures"", ""id"": 79}, {""name"": ""Castle Rock Entertainment"", ""id"": 97}, {""name"": ""NPV Entertainment"", ""id"": 172}, {""name"": ""Fortis Films"", ""id"": 4258}]","[{""iso_3166_1"": ""AU"", ""name"": ""Australia""}, {""iso_3166_1"": ""US"", ""name"": ""United States of America""}]",93354918
61,Jackass: The Movie,"[{""name"": ""Paramount Pictures"", ""id"": 4}, {""name"": ""MTV Films"", ""id"": 746}, {""name"": ""Dickhouse Productions"", ""id"": 6328}, {""name"": ""Lynch Siderow Productions"", ""id"": 90661}]","[{""iso_3166_1"": ""US"", ""name"": ""United States of America""}]",64282312
62,Maid in Manhattan,"[{""name"": ""Red Om Films"", ""id"": 2455}]","[{""iso_3166_1"": ""US"", ""name"": ""United States of America""}]",154906693
63,Road to Perdition,"[{""name"": ""DreamWorks SKG"", ""id"": 27}, {""name"": ""The Zanuck Company"", ""id"": 80}, {""name"": ""Twentieth Century Fox Film Corporation"", ""id"": 306}]","[{""iso_3166_1"": ""US"", ""name"": ""United States of America""}]",181001478
64,Star Trek: Nemesis,"[{""name"": ""Paramount Pictures"", ""id"": 4}]","[{""iso_3166_1"": ""US"", ""name"": ""United States of America""}]",67312826
65,Stuart Little 2,"[{""name"": ""Columbia Pictures"", ""id"": 5}, {""name"": ""Sony Pictures Entertainment"", ""id"": 5752}]","[{""iso_3166_1"": ""US"", ""name"": ""United States of America""}]",169956806
66,The Rookie,"[{""name"": ""Walt Disney Pictures"", ""id"": 2}, {""name"": ""Gran Via Productions"", ""id"": 2605}, {""name"": ""98 MPH Productions"", ""id"": 2939}]","[{""iso_3166_1"": ""US"", ""name"": ""United States of America""}]",75597042
67,Changing Lanes,"[{""name"": ""Paramount Pictures"", ""id"": 4}]","[{""iso_3166_1"": ""US"", ""name"": ""United States of America""}]",94935764
68,Hart's War,"[{""name"": ""David Foster Productions"", ""id"": 496}, {""name"": ""Cheyenne Enterprises"", ""id"": 890}, {""name"": ""Metro-Goldwyn-Mayer (MGM)"", ""id"": 8411}, {""name"": ""David Ladd Films"", ""id"": 21447}]","[{""iso_3166_1"": ""US"", ""name"": ""United States of America""}]",32287044
69,About Schmidt,"[{""name"": ""New Line Cinema"", ""id"": 12}, {""name"": ""Avery Pix"", ""id"": 1565}]","[{""iso_3166_1"": ""US"", ""name"": ""United States of America""}]",105834556
70,Barbershop,"[{""name"": ""Metro-Goldwyn-Mayer (MGM)"", ""id"": 8411}]","[{""iso_3166_1"": ""US"", ""name"": ""United States of America""}]",75781642
71,Murder by Numbers,"[{""name"": ""Castle Rock Entertainment"", ""id"": 97}, {""name"": ""Warner Bros."", ""id"": 6194}, {""name"": ""Schroeder Hoffman Productions"", ""id"": 23382}]","[{""iso_3166_1"": ""US"", ""name"": ""United States of America""}]",56714147
72,K-19: The Widowmaker,"[{""name"": ""Paramount Pictures"", ""id"": 4}, {""name"": ""Intermedia Films"", ""id"": 763}, {""name"": ""National Geographic Society"", ""id"": 2471}, {""name"": ""New Regency Pictures"", ""id"": 10104}, {""name"": ""Palomar Pictures (II)"", ""id"": 11371}, {""name"": ""First Light Production"", ""id"": 20344}]","[{""iso_3166_1"": ""CA"", ""name"": ""Canada""}, {""iso_3166_1"": ""DE"", ""name"": ""Germany""}, {""iso_3166_1"": ""GB"", ""name"": ""United Kingdom""}, {""iso_3166_1"": ""US"", ""name"": ""United States of America""}]",35168966
73,Boat Trip,"[{""name"": ""Motion Picture Corporation of America"", ""id"": 2090}, {""name"": ""Artisan Entertainment"", ""id"": 2188}]","[{""iso_3166_1"": ""DE"", ""name"": ""Germany""}, {""iso_3166_1"": ""US"", ""name"": ""United States of America""}]",8586376
74,Secretary,"[{""name"": ""Slough Pond"", ""id"": 4730}, {""name"": ""double A Films"", ""id"": 4731}]","[{""iso_3166_1"": ""US"", ""name"": ""United States of America""}]",9304609
75,Femme Fatale,"[{""name"": ""Epsilon Motion Pictures"", ""id"": 1171}, {""name"": ""Quinta Communications"", ""id"": 6370}]","[{""iso_3166_1"": ""CH"", ""name"": ""Switzerland""}, {""iso_3166_1"": ""FR"", ""name"": ""France""}]",16838910
76,Serving Sara,"[{""name"": ""Paramount Pictures"", ""id"": 4}]","[{""iso_3166_1"": ""DE"", ""name"": ""Germany""}, {""iso_3166_1"": ""US"", ""name"": ""United States of America""}]",16930185
77,The Four Feathers,"[{""name"": ""Paramount Pictures"", ""id"": 4}, {""name"": ""Miramax Films"", ""id"": 14}, {""name"": ""Marty Katz Productions"", ""id"": 12552}, {""name"": ""Jaffilms Inc."", ""id"": 14160}, {""name"": ""Dune Films"", ""id"": 19477}, {""name"": ""Belhaven Limited"", ""id"": 36612}]","[{""iso_3166_1"": ""GB"", ""name"": ""United Kingdom""}, {""iso_3166_1"": ""US"", ""name"": ""United States of America""}]",29882645
78,D-Tox,"[{""name"": ""Universal Pictures"", ""id"": 33}]","[{""iso_3166_1"": ""US"", ""name"": ""United States of America""}]",6416302
79,The Spanish Apartment,"[{""name"": ""Mate Producciones S.A."", ""id"": 732}]","[{""iso_3166_1"": ""FR"", ""name"": ""France""}]",3897799
80,Punch-Drunk Love,"[{""name"": ""Columbia Pictures"", ""id"": 5}, {""name"": ""New Line Cinema"", ""id"": 12}, {""name"": ""Ghoulardi Film Company"", ""id"": 178}]","[{""iso_3166_1"": ""US"", ""name"": ""United States of America""}]",17000000
81,Dragonfly,"[{""name"": ""Universal Pictures"", ""id"": 33}, {""name"": ""Spyglass Entertainment"", ""id"": 158}, {""name"": ""Shady Acres Entertainment"", ""id"": 159}, {""name"": ""Gran Via Productions"", ""id"": 2605}, {""name"": ""Kalima Productions GmbH & Co. KG"", ""id"": 7385}, {""name"": ""NDE Productions"", ""id"": 20352}]","[{""iso_3166_1"": ""DE"", ""name"": ""Germany""}, {""iso_3166_1"": ""US"", ""name"": ""United States of America""}]",52322400
82,40 Days and 40 Nights,"[{""name"": ""Miramax Films"", ""id"": 14}, {""name"": ""Universal Pictures"", ""id"": 33}, {""name"": ""Working Title Films"", ""id"": 10163}]","[{""iso_3166_1"": ""US"", ""name"": ""United States of America""}, {""iso_3166_1"": ""FR"", ""name"": ""France""}, {""iso_3166_1"": ""GB"", ""name"": ""United Kingdom""}]",0
83,The Sweetest Thing,"[{""name"": ""Konrad Pictures"", ""id"": 85}]","[{""iso_3166_1"": ""US"", ""name"": ""United States of America""}]",68696770
84,One Hour Photo,"[{""name"": ""Fox Searchlight Pictures"", ""id"": 43}, {""name"": ""Catch 23 Entertainment"", ""id"": 7053}]","[{""iso_3166_1"": ""US"", ""name"": ""United States of America""}]",52223306
85,About a Boy,"[{""name"": ""Universal Pictures"", ""id"": 33}]","[{""iso_3166_1"": ""GB"", ""name"": ""United Kingdom""}, {""iso_3166_1"": ""US"", ""name"": ""United States of America""}]",129000000
86,High Crimes,"[{""name"": ""Twentieth Century Fox Film Corporation"", ""id"": 306}, {""name"": ""Regency Enterprises"", ""id"": 508}, {""name"": ""Monarch Pictures"", ""id"": 966}, {""name"": ""Epsilon Motion Pictures"", ""id"": 1171}, {""name"": ""New Regency Pictures"", ""id"": 10104}, {""name"": ""Manifest Film Company"", ""id"": 20719}]","[{""iso_3166_1"": ""US"", ""name"": ""United States of America""}]",63781810
87,Collateral Damage,"[{""name"": ""David Foster Productions"", ""id"": 496}, {""name"": ""Bel Air Entertainment"", ""id"": 788}, {""name"": ""Warner Bros."", ""id"": 6194}, {""name"": ""Hacienda Productions"", ""id"": 43717}]","[{""iso_3166_1"": ""US"", ""name"": ""United States of America""}]",78382433
88,Enough,"[{""name"": ""Winkler Films"", ""id"": 8880}]","[{""iso_3166_1"": ""US"", ""name"": ""United States of America""}]",51801187
89,Analyze That,"[{""name"": ""Village Roadshow Pictures"", ""id"": 79}, {""name"": ""NPV Entertainment"", ""id"": 172}, {""name"": ""Warner Bros."", ""id"": 6194}, {""name"": ""Tribeca Productions"", ""id"": 11391}, {""name"": ""Baltimore Spring Creek Pictures"", ""id"": 14719}, {""name"": ""Face Productions"", ""id"": 48638}]","[{""iso_3166_1"": ""AU"", ""name"": ""Australia""}, {""iso_3166_1"": ""US"", ""name"": ""United States of America""}]",55003135
90,Eight Legged Freaks,"[{""name"": ""Village Roadshow Pictures"", ""id"": 79}, {""name"": ""NPV Entertainment"", ""id"": 172}, {""name"": ""Centropolis Entertainment"", ""id"": 347}, {""name"": ""Electric Entertainment"", ""id"": 3241}, {""name"": ""Warner Bros."", ""id"": 6194}]","[{""iso_3166_1"": ""AU"", ""name"": ""Australia""}, {""iso_3166_1"": ""US"", ""name"": ""United States of America""}]",0
91,The Quiet American,"[{""name"": ""Miramax Films"", ""id"": 14}, {""name"": ""Intermedia Films"", ""id"": 763}, {""name"": ""Mirage Enterprises"", ""id"": 932}]","[{""iso_3166_1"": ""US"", ""name"": ""United States of America""}]",27674124
92,The Adventures of Pluto Nash,"[{""name"": ""Village Roadshow Pictures"", ""id"": 79}, {""name"": ""Castle Rock Entertainment"", ""id"": 97}, {""name"": ""NPV Entertainment"", ""id"": 172}, {""name"": ""Mel's Cite du Cinema"", ""id"": 54502}]","[{""iso_3166_1"": ""AU"", ""name"": ""Australia""}, {""iso_3166_1"": ""US"", ""name"": ""United States of America""}]",7103973
93,Dark Blue,"[{""name"": ""United Artists"", ""id"": 60}, {""name"": ""Intermedia Films"", ""id"": 763}, {""name"": ""IM Filmproduktion"", ""id"": 1809}, {""name"": ""Cosmic Pictures"", ""id"": 1810}, {""name"": ""Metro-Goldwyn-Mayer (MGM)"", ""id"": 8411}, {""name"": ""Alphaville Films"", ""id"": 11462}]","[{""iso_3166_1"": ""DE"", ""name"": ""Germany""}, {""iso_3166_1"": ""GB"", ""name"": ""United Kingdom""}, {""iso_3166_1"": ""US"", ""name"": ""United States of America""}]",9237470
94,Solaris,"[{""name"": ""Mosfilm"", ""id"": 5120}, {""name"": ""Creative Unit of Writers & Cinema Workers"", ""id"": 77882}, {""name"": ""Unit Four"", ""id"": 77883}]","[{""iso_3166_1"": ""RU"", ""name"": ""Russia""}]",0
95,The Tuxedo,"[{""name"": ""DreamWorks SKG"", ""id"": 27}, {""name"": ""Parkes+MacDonald Image Nation"", ""id"": 49325}, {""name"": ""Blue Train Productions"", ""id"": 67173}]","[{""iso_3166_1"": ""US"", ""name"": ""United States of America""}]",0
96,Rabbit-Proof Fence,"[{""name"": ""Showtime Australia"", ""id"": 2948}, {""name"": ""Australian Film Finance Corporation (AFFC)"", ""id"": 8724}, {""name"": ""Rumbalara Films"", ""id"": 57623}, {""name"": ""Olsen Levy"", ""id"": 57624}]","[{""iso_3166_1"": ""AU"", ""name"": ""Australia""}]",0
97,Blood Work,"[{""name"": ""Malpaso Productions"", ""id"": 171}, {""name"": ""Warner Bros."", ""id"": 6194}]","[{""iso_3166_1"": ""US"", ""name"": ""United States of America""}]",26199517
98,The Mothman Prophecies,"[{""name"": ""Lakeshore Entertainment"", ""id"": 126}]","[{""iso_3166_1"": ""US"", ""name"": ""United States of America""}]",55157539
99,Narc,"[{""name"": ""Paramount Pictures"", ""id"": 4}, {""name"": ""Lions Gate Films"", ""id"": 35}, {""name"": ""Cruise/Wagner Productions"", ""id"": 44}]","[{""iso_3166_1"": ""CA"", ""name"": ""Canada""}, {""iso_3166_1"": ""US"", ""name"": ""United States of America""}]",12633747
100,Far from Heaven,"[{""name"": ""Clear Blue Sky Productions"", ""id"": 7449}]","[{""iso_3166_1"": ""US"", ""name"": ""United States of America""}]",29027914
101,Ballistic: Ecks vs. Sever,"[{""name"": ""Epsilon Motion Pictures"", ""id"": 1171}, {""name"": ""Franchise Pictures"", ""id"": 1403}, {""name"": ""Dante Entertainment"", ""id"": 2755}, {""name"": ""Chris Lee Productions"", ""id"": 20033}, {""name"": ""SuperMega"", ""id"": 76491}, {""name"": ""MHF Erste Academy Film GmbH & Co. Produktions KG"", ""id"": 76492}]","[{""iso_3166_1"": ""DE"", ""name"": ""Germany""}, {""iso_3166_1"": ""US"", ""name"": ""United States of America""}]",19924033
102,Darkness,"[{""name"": ""V\u00eda Digital"", ""id"": 357}, {""name"": ""Filmax Entertainment"", ""id"": 7302}, {""name"": ""Dimension Films"", ""id"": 7405}, {""name"": ""Castelao Producciones"", ""id"": 7956}]","[{""iso_3166_1"": ""ES"", ""name"": ""Spain""}, {""iso_3166_1"": ""US"", ""name"": ""United States of America""}]",0
103,Swimfan,"[{""name"": ""Twentieth Century Fox Film Corporation"", ""id"": 306}, {""name"": ""Greenestreet Films"", ""id"": 2150}, {""name"": ""Cobalt Media Group"", ""id"": 18619}, {""name"": ""Furthur Films"", ""id"": 33433}, {""name"": ""Forrest Films"", ""id"": 89630}]","[{""iso_3166_1"": ""US"", ""name"": ""United States of America""}]",34411240
104,The Importance of Being Earnest,"[{""name"": ""Ealing Studios"", ""id"": 2650}]","[{""iso_3166_1"": ""FR"", ""name"": ""France""}, {""iso_3166_1"": ""GB"", ""name"": ""United Kingdom""}, {""iso_3166_1"": ""US"", ""name"": ""United States of America""}]",0
105,City By The Sea,"[{""name"": ""Warner Bros. Pictures"", ""id"": 174}, {""name"": ""Epsilon Motion Pictures"", ""id"": 1171}, {""name"": ""Franchise Pictures"", ""id"": 1403}, {""name"": ""Brad Grey Pictures"", ""id"": 10958}, {""name"": ""Sea Breeze Productions Inc."", ""id"": 76490}]","[{""iso_3166_1"": ""US"", ""name"": ""United States of America""}]",22433915
106,Crossroads,"[{""name"": ""Paramount Pictures"", ""id"": 4}, {""name"": ""MTV Films"", ""id"": 746}]","[{""iso_3166_1"": ""US"", ""name"": ""United States of America""}]",61141030
107,Bowling for Columbine,"[{""name"": ""Alliance Atlantis Communications"", ""id"": 803}, {""name"": ""TiMe Film- und TV-Produktions GmbH"", ""id"": 11104}, {""name"": ""Vif Babelsberger Filmproduktion GmbH & Co. Zweite KG"", ""id"": 26136}, {""name"": ""Dog Eat Dog Films"", ""id"": 26137}, {""name"": ""Iconolatry Productions Inc."", ""id"": 26138}, {""name"": ""Salter Street Films International"", ""id"": 26139}, {""name"": ""United Broadcasting Inc."", ""id"": 26140}]","[{""iso_3166_1"": ""US"", ""name"": ""United States of America""}]",35564473
108,Big Fat Liar,"[{""name"": ""Universal Pictures"", ""id"": 33}]","[{""iso_3166_1"": ""US"", ""name"": ""United States of America""}]",52970014
109,The Eye,"[{""name"": ""Paramount Vantage"", ""id"": 838}, {""name"": ""VN Productions"", ""id"": 4622}]","[{""iso_3166_1"": ""US"", ""name"": ""United States of America""}]",56309766
110,Cypher,"[{""name"": ""Miramax Films"", ""id"": 14}, {""name"": ""Pandora Cinema"", ""id"": 185}]","[{""iso_3166_1"": ""US"", ""name"": ""United States of America""}]",0
111,Life or Something Like It,"[{""name"": ""Regency Enterprises"", ""id"": 508}, {""name"": ""Epsilon Motion Pictures"", ""id"": 1171}, {""name"": ""Davis Entertainment"", ""id"": 1302}, {""name"": ""New Regency Pictures"", ""id"": 10104}, {""name"": ""Monarchy Enterprises S.a.r.l."", ""id"": 77845}, {""name"": ""Atchity Entertainment International (AEI)"", ""id"": 81134}]","[{""iso_3166_1"": ""CA"", ""name"": ""Canada""}, {""iso_3166_1"": ""US"", ""name"": ""United States of America""}]",16872671
112,The Master of Disguise,"[{""name"": ""Columbia Pictures"", ""id"": 5}, {""name"": ""Revolution Studios"", ""id"": 497}, {""name"": ""Happy Madison Productions"", ""id"": 2608}]","[{""iso_3166_1"": ""US"", ""name"": ""United States of America""}]",0
113,Snow Dogs,"[{""name"": ""Walt Disney Pictures"", ""id"": 2}]","[{""iso_3166_1"": ""CA"", ""name"": ""Canada""}, {""iso_3166_1"": ""US"", ""name"": ""United States of America""}]",0
114,Drumline,"[{""name"": ""Fox 2000 Pictures"", ""id"": 711}]","[{""iso_3166_1"": ""US"", ""name"": ""United States of America""}]",57588485
115,The Rules of Attraction,"[{""name"": ""Kingsgate Films"", ""id"": 770}]","[{""iso_3166_1"": ""DE"", ""name"": ""Germany""}, {""iso_3166_1"": ""US"", ""name"": ""United States of America""}]",0
116,The Good Girl,"[{""name"": ""Fox Searchlight Pictures"", ""id"": 43}, {""name"": ""Hungry Eye Lowland Pictures B.V."", ""id"": 29602}, {""name"": ""Flan de Coco Films"", ""id"": 29603}]","[{""iso_3166_1"": ""NL"", ""name"": ""Netherlands""}, {""iso_3166_1"": ""DE"", ""name"": ""Germany""}, {""iso_3166_1"": ""US"", ""name"": ""United States of America""}]",16856124
117,8 Women,"[{""name"": ""France 2 Cin\u00e9ma"", ""id"": 83}, {""name"": ""Fid\u00e9lit\u00e9 Productions"", ""id"": 147}, {""name"": ""Le Studio Canal+"", ""id"": 183}, {""name"": ""Centre National de la Cin\u00e9matographie"", ""id"": 310}, {""name"": ""Gimages 5"", ""id"": 818}, {""name"": ""Mars Films"", ""id"": 819}]","[{""iso_3166_1"": ""FR"", ""name"": ""France""}, {""iso_3166_1"": ""IT"", ""name"": ""Italy""}]",0
118,Bubba Ho-tep,"[{""name"": ""MGM"", ""id"": 5899}, {""name"": ""Silver Sphere Corporation"", ""id"": 59341}]","[{""iso_3166_1"": ""US"", ""name"": ""United States of America""}]",0
119,Spider,"[{""name"": ""T\u00e9l\u00e9film Canada"", ""id"": 806}, {""name"": ""Capitol Films"", ""id"": 826}, {""name"": ""Canadian Film or Video Production Tax Credit (CPTC)"", ""id"": 8582}, {""name"": ""Metropolitan Films"", ""id"": 16419}, {""name"": ""Grosvenor Park Productions"", ""id"": 17449}, {""name"": ""Odeon Films"", ""id"": 22209}, {""name"": ""Catherine Bailey Ltd."", ""id"": 46694}, {""name"": ""Artists Independent Network"", ""id"": 46695}]","[{""iso_3166_1"": ""CA"", ""name"": ""Canada""}, {""iso_3166_1"": ""GB"", ""name"": ""United Kingdom""}]",0
120,John Q,"[{""name"": ""New Line Cinema"", ""id"": 12}, {""name"": ""Burg/Koules Productions"", ""id"": 17106}, {""name"": ""Evolution Entertainment"", ""id"": 23019}]","[{""iso_3166_1"": ""US"", ""name"": ""United States of America""}]",102244770
121,The New Guy,"[{""name"": ""Revolution Studios"", ""id"": 497}, {""name"": ""Frontier Pictures"", ""id"": 11837}, {""name"": ""Bedlam Pictures"", ""id"": 51753}]","[{""iso_3166_1"": ""US"", ""name"": ""United States of America""}]",0
122,Rollerball,"[{""name"": ""Atlas Entertainment"", ""id"": 507}, {""name"": ""Toho-Towa"", ""id"": 657}, {""name"": ""Mosaic Media Group"", ""id"": 748}, {""name"": ""Yorktown Productions"", ""id"": 1484}, {""name"": ""Helkon Media AG"", ""id"": 2216}, {""name"": ""Metro-Goldwyn-Mayer (MGM)"", ""id"": 8411}]","[{""iso_3166_1"": ""DE"", ""name"": ""Germany""}, {""iso_3166_1"": ""JP"", ""name"": ""Japan""}, {""iso_3166_1"": ""US"", ""name"": ""United States of America""}]",0
123,Big Trouble,"[{""name"": ""Touchstone Pictures"", ""id"": 9195}]","[{""iso_3166_1"": ""US"", ""name"": ""United States of America""}]",8493890
124,Undercover Brother,"[{""name"": ""Universal Pictures"", ""id"": 33}]","[{""iso_3166_1"": ""US"", ""name"": ""United States of America""}]",41604473
125,May,"[{""name"": ""A Loopy Production LLC"", ""id"": 29693}, {""name"": ""2 Loop Films"", ""id"": 29694}]","[{""iso_3166_1"": ""US"", ""name"": ""United States of America""}]",150277
126,Dark Water,"[{""name"": ""Vertigo Entertainment"", ""id"": 829}, {""name"": ""Touchstone Pictures"", ""id"": 9195}, {""name"": ""Post No Bills Films"", ""id"": 49696}, {""name"": ""Pandemonium Productions"", ""id"": 49697}]","[{""iso_3166_1"": ""US"", ""name"": ""United States of America""}]",25473093
127,Swept Away,"[{""name"": ""Screen Gems"", ""id"": 3287}, {""name"": ""SKA Films"", ""id"": 13419}, {""name"": ""Codi S.p.a."", ""id"": 57736}]","[{""iso_3166_1"": ""IT"", ""name"": ""Italy""}, {""iso_3166_1"": ""GB"", ""name"": ""United Kingdom""}]",598645
128,Kung Pow: Enter the Fist,"[{""name"": ""Twentieth Century Fox Film Corporation"", ""id"": 306}, {""name"": ""O Entertainment"", ""id"": 5682}]","[{""iso_3166_1"": ""HK"", ""name"": ""Hong Kong""}, {""iso_3166_1"": ""US"", ""name"": ""United States of America""}]",0
129,Like Mike,"[{""name"": ""Twentieth Century Fox Film Corporation"", ""id"": 306}, {""name"": ""Josephson Entertainment"", ""id"": 1894}, {""name"": ""NBA Entertainment"", ""id"": 4396}, {""name"": ""Heller Highwater Productions"", ""id"": 11015}, {""name"": ""Like Mike Productions"", ""id"": 11016}]","[{""iso_3166_1"": ""US"", ""name"": ""United States of America""}]",0
130,Bloody Sunday,"[{""name"": ""Portman Entertainment Group"", ""id"": 1095}, {""name"": ""B\u00f3rd Scann\u00e1n na h\u00c9ireann"", ""id"": 1898}, {""name"": ""Hell's Kitchen Films"", ""id"": 2307}, {""name"": ""Granada Television"", ""id"": 14063}]","[{""iso_3166_1"": ""IE"", ""name"": ""Ireland""}, {""iso_3166_1"": ""GB"", ""name"": ""United Kingdom""}]",773228
131,FearDotCom,"[{""name"": ""Milagro Films"", ""id"": 1070}, {""name"": ""Franchise Pictures"", ""id"": 1403}, {""name"": ""DoRo Fiction Film"", ""id"": 2193}, {""name"": ""Signature Pictures"", ""id"": 2982}, {""name"": ""ApolloMedia Distribution"", ""id"": 16850}, {""name"": ""Carousel Picture Company, The"", ""id"": 19944}, {""name"": ""Luxembourg Film Fund"", ""id"": 46195}, {""name"": ""Filmyard Underwaterdeco"", ""id"": 48618}]","[{""iso_3166_1"": ""DE"", ""name"": ""Germany""}, {""iso_3166_1"": ""LU"", ""name"": ""Luxembourg""}, {""iso_3166_1"": ""GB"", ""name"": ""United Kingdom""}, {""iso_3166_1"": ""US"", ""name"": ""United States of America""}]",18902015
132,Antwone Fisher,"[{""name"": ""Fox Searchlight Pictures"", ""id"": 43}, {""name"": ""Mundy Lane Entertainment"", ""id"": 2510}]","[{""iso_3166_1"": ""US"", ""name"": ""United States of America""}]",23367586
133,Blue Crush,"[{""name"": ""Imagine Entertainment"", ""id"": 23}, {""name"": ""Mikona Productions GmbH & Co. KG"", ""id"": 24}, {""name"": ""Universal Pictures"", ""id"": 33}, {""name"": ""Shutt/Jones Productions"", ""id"": 65082}]","[{""iso_3166_1"": ""DE"", ""name"": ""Germany""}, {""iso_3166_1"": ""US"", ""name"": ""United States of America""}]",51842679
134,Dirty Pretty Things,"[{""name"": ""Miramax Films"", ""id"": 14}, {""name"": ""BBC Films"", ""id"": 288}, {""name"": ""Celador Productions"", ""id"": 1390}, {""name"": ""Jonescompany Productions"", ""id"": 12666}]","[{""iso_3166_1"": ""GB"", ""name"": ""United Kingdom""}]",0
135,White Oleander,"[{""name"": ""Pandora Filmproduktion"", ""id"": 254}, {""name"": ""John Wells Productions"", ""id"": 1512}, {""name"": ""Gaylord Films"", ""id"": 5367}, {""name"": ""Warner Bros."", ""id"": 6194}, {""name"": ""Oleandor Productions"", ""id"": 12426}]","[{""iso_3166_1"": ""DE"", ""name"": ""Germany""}, {""iso_3166_1"": ""US"", ""name"": ""United States of America""}]",0
136,Amen.,"[{""name"": ""Renn Productions"", ""id"": 82}, {""name"": ""TF1 Films Production"", ""id"": 3823}, {""name"": ""Canal+"", ""id"": 5358}, {""name"": ""K.G Productions"", ""id"": 13837}, {""name"": ""KC Medien"", ""id"": 22182}, {""name"": ""Katharina"", ""id"": 22370}]","[{""iso_3166_1"": ""FR"", ""name"": ""France""}, {""iso_3166_1"": ""DE"", ""name"": ""Germany""}, {""iso_3166_1"": ""RO"", ""name"": ""Romania""}]",0
137,The Guru,"[{""name"": ""Universal Pictures"", ""id"": 33}, {""name"": ""Studio Canal"", ""id"": 5870}]","[{""iso_3166_1"": ""FR"", ""name"": ""France""}, {""iso_3166_1"": ""GB"", ""name"": ""United Kingdom""}, {""iso_3166_1"": ""US"", ""name"": ""United States of America""}]",0
138,Clockstoppers,"[{""name"": ""Paramount Pictures"", ""id"": 4}, {""name"": ""Nickelodeon Movies"", ""id"": 2348}, {""name"": ""Valhalla Motion Pictures"", ""id"": 11533}]","[{""iso_3166_1"": ""US"", ""name"": ""United States of America""}]",38793283
139,The Emperor's Club,"[{""name"": ""Universal Pictures"", ""id"": 33}]","[{""iso_3166_1"": ""US"", ""name"": ""United States of America""}]",0
140,Lilya 4-ever,"[{""name"": ""Det Danske Filminstitut"", ""id"": 118}, {""name"": ""Memfis Film"", ""id"": 321}, {""name"": ""Film i V\u00e4st"", ""id"": 17513}]","[{""iso_3166_1"": ""DK"", ""name"": ""Denmark""}, {""iso_3166_1"": ""SE"", ""name"": ""Sweden""}]",0
141,Sorority Boys,"[{""name"": ""Touchstone Pictures"", ""id"": 9195}]","[{""iso_3166_1"": ""US"", ""name"": ""United States of America""}]",0
142,Hollywood Ending,"[{""name"": ""DreamWorks SKG"", ""id"": 27}]","[{""iso_3166_1"": ""US"", ""name"": ""United States of America""}]",0
143,Igby Goes Down,"[{""name"": ""United Artists"", ""id"": 60}]","[{""iso_3166_1"": ""US"", ""name"": ""United States of America""}]",4777465
144,Spun,"[{""name"": ""Muse Productions"", ""id"": 15231}, {""name"": ""Brink Films"", ""id"": 18811}, {""name"": ""Silver Nitrate"", ""id"": 23909}]","[{""iso_3166_1"": ""US"", ""name"": ""United States of America""}]",0
145,Death to Smoochy,"[{""name"": ""Senator Film Produktion"", ""id"": 191}, {""name"": ""Mad Chance"", ""id"": 1757}, {""name"": ""Warner Bros."", ""id"": 6194}, {""name"": ""Filmfour"", ""id"": 6705}]","[{""iso_3166_1"": ""DE"", ""name"": ""Germany""}, {""iso_3166_1"": ""GB"", ""name"": ""United Kingdom""}, {""iso_3166_1"": ""US"", ""name"": ""United States of America""}]",0
146,The Banger Sisters,"[{""name"": ""Fox Searchlight Pictures"", ""id"": 43}]","[{""iso_3166_1"": ""US"", ""name"": ""United States of America""}]",0
147,The Wild Thornberrys Movie,"[{""name"": ""Paramount Pictures"", ""id"": 4}, {""name"": ""Nickelodeon Movies"", ""id"": 2348}, {""name"": ""Paramount Animation"", ""id"": 24955}]","[{""iso_3166_1"": ""US"", ""name"": ""United States of America""}]",0
148,Divine Secrets of the Ya-Ya Sisterhood,"[{""name"": ""All Girl Productions"", ""id"": 10535}, {""name"": ""Gaylord Productions"", ""id"": 11617}]","[{""iso_3166_1"": ""US"", ""name"": ""United States of America""}]",0
149,All About the Benjamins,"[{""name"": ""New Line Cinema"", ""id"": 12}]","[{""iso_3166_1"": ""US"", ""name"": ""United States of America""}]",25482931
150,Slackers,"[{""name"": ""Sony Pictures"", ""id"": 34}, {""name"": ""Screen Gems"", ""id"": 3287}]","[{""iso_3166_1"": ""CA"", ""name"": ""Canada""}, {""iso_3166_1"": ""US"", ""name"": ""United States of America""}]",6413915
151,Gerry,"[{""name"": ""Epsilon Motion Pictures"", ""id"": 1171}, {""name"": ""Tango Films"", ""id"": 32598}, {""name"": ""My Cactus"", ""id"": 32599}]","[{""iso_3166_1"": ""US"", ""name"": ""United States of America""}, {""iso_3166_1"": ""AR"", ""name"": ""Argentina""}]",0
152,Moonlight Mile,"[{""name"": ""Punch Productions"", ""id"": 2154}, {""name"": ""Touchstone Pictures"", ""id"": 9195}, {""name"": ""Hyde Park Entertainment"", ""id"": 13816}, {""name"": ""Reveal Entertainment"", ""id"": 41251}, {""name"": ""Gran Via"", ""id"": 41252}]","[{""iso_3166_1"": ""US"", ""name"": ""United States of America""}]",10011050
153,They,"[{""name"": ""Dimension Films"", ""id"": 7405}, {""name"": ""Focus Features"", ""id"": 10146}, {""name"": ""Good Machine"", ""id"": 10565}, {""name"": ""Radar Pictures"", ""id"": 14718}]","[{""iso_3166_1"": ""US"", ""name"": ""United States of America""}]",0
154,Half Past Dead,"[{""name"": ""Franchise Pictures"", ""id"": 1403}, {""name"": ""Screen Gems"", ""id"": 3287}]","[{""iso_3166_1"": ""DE"", ""name"": ""Germany""}, {""iso_3166_1"": ""US"", ""name"": ""United States of America""}]",0
155,The Dangerous Lives of Altar Boys,"[{""name"": ""Egg Pictures"", ""id"": 802}, {""name"": ""Trilogy Entertainment Group"", ""id"": 2231}, {""name"": ""Initial Entertainment Group (IEG)"", ""id"": 7380}]","[{""iso_3166_1"": ""US"", ""name"": ""United States of America""}]",0
156,Carrie,"[{""name"": ""Screen Gems"", ""id"": 3287}, {""name"": ""Metro-Goldwyn-Mayer (MGM)"", ""id"": 8411}, {""name"": ""Misher Films"", ""id"": 11581}]","[{""iso_3166_1"": ""US"", ""name"": ""United States of America""}]",82394288
157,Hey Arnold! The Movie,"[{""name"": ""Paramount Pictures"", ""id"": 4}, {""name"": ""Nickelodeon Movies"", ""id"": 2348}, {""name"": ""Nickelodeon Animation Studios"", ""id"": 4859}, {""name"": ""Paramount Animation"", ""id"": 24955}, {""name"": ""Snee-Oosh Productions"", ""id"": 67244}]","[{""iso_3166_1"": ""US"", ""name"": ""United States of America""}]",0
158,Welcome to Collinwood,"[{""name"": ""Section Eight"", ""id"": 129}, {""name"": ""Pandora Cinema"", ""id"": 185}, {""name"": ""Gaylord Films"", ""id"": 5367}, {""name"": ""Warner Bros."", ""id"": 6194}, {""name"": ""H5B5 Media AG"", ""id"": 21625}]","[{""iso_3166_1"": ""DE"", ""name"": ""Germany""}, {""iso_3166_1"": ""US"", ""name"": ""United States of America""}]",0
159,No Good Deed,"[{""name"": ""Will Packer Productions"", ""id"": 49968}]","[{""iso_3166_1"": ""US"", ""name"": ""United States of America""}]",53830415
160,Ripley's Game,"[{""name"": ""Mr. Mudd Production"", ""id"": 2130}, {""name"": ""Cattleya"", ""id"": 10102}, {""name"": ""Baby Films"", ""id"": 93156}]","[{""iso_3166_1"": ""GB"", ""name"": ""United Kingdom""}, {""iso_3166_1"": ""US"", ""name"": ""United States of America""}, {""iso_3166_1"": ""IT"", ""name"": ""Italy""}]",0
161,Derailed,"[{""name"": ""Miramax Films"", ""id"": 14}, {""name"": ""Di Bonaventura Pictures"", ""id"": 435}, {""name"": ""Patalex V Productions Limited"", ""id"": 23635}]","[{""iso_3166_1"": ""GB"", ""name"": ""United Kingdom""}, {""iso_3166_1"": ""US"", ""name"": ""United States of America""}]",57479076
162,Extreme Ops,"[{""name"": ""Paramount Pictures"", ""id"": 4}, {""name"": ""Extreme Productions"", ""id"": 16849}, {""name"": ""ApolloMedia Distribution"", ""id"": 16850}]","[{""iso_3166_1"": ""US"", ""name"": ""United States of America""}]",10959475
163,Nicholas Nickleby,"[{""name"": ""United Artists Corporation"", ""id"": 8213}, {""name"": ""Hart-Sharp Entertainment"", ""id"": 11351}, {""name"": ""Potboiler Productions"", ""id"": 36615}]","[{""iso_3166_1"": ""GB"", ""name"": ""United Kingdom""}, {""iso_3166_1"": ""US"", ""name"": ""United States of America""}]",0
164,Auto Focus,"[{""name"": ""Sony Pictures Classics"", ""id"": 58}, {""name"": ""Propaganda Films"", ""id"": 278}, {""name"": ""Good Machine"", ""id"": 10565}]","[{""iso_3166_1"": ""US"", ""name"": ""United States of America""}]",2062066
165,Pinocchio,"[{""name"": ""RKO Radio Pictures"", ""id"": 6}, {""name"": ""Walt Disney Productions"", ""id"": 3166}]","[{""iso_3166_1"": ""US"", ""name"": ""United States of America""}]",84300000
166,Tuck Everlasting,"[{""name"": ""Walt Disney Pictures"", ""id"": 2}]","[{""iso_3166_1"": ""US"", ""name"": ""United States of America""}]",0
167,Stealing Harvard,"[{""name"": ""Columbia Pictures"", ""id"": 5}, {""name"": ""Imagine Entertainment"", ""id"": 23}, {""name"": ""Revolution Studios"", ""id"": 497}]","[{""iso_3166_1"": ""US"", ""name"": ""United States of America""}]",0
168,Abandon,"[{""name"": ""Paramount Pictures"", ""id"": 4}, {""name"": ""Spyglass Entertainment"", ""id"": 158}, {""name"": ""Touchstone Pictures"", ""id"": 9195}]","[{""iso_3166_1"": ""AU"", ""name"": ""Australia""}, {""iso_3166_1"": ""US"", ""name"": ""United States of America""}]",10719357
169,The Country Bears,"[{""name"": ""Walt Disney Pictures"", ""id"": 2}]","[{""iso_3166_1"": ""US"", ""name"": ""United States of America""}]",0
170,People I Know,[],"[{""iso_3166_1"": ""DE"", ""name"": ""Germany""}, {""iso_3166_1"": ""US"", ""name"": ""United States of America""}]",0
171,Spellbound,"[{""name"": ""Selznick International Pictures"", ""id"": 1553}]","[{""iso_3166_1"": ""US"", ""name"": ""United States of America""}]",7000000
172,The Crime of Padre Amaro,"[{""name"": ""Instituto Mexicano de Cinematograf\u00eda"", ""id"": 299}, {""name"": ""Alameda Films"", ""id"": 300}, {""name"": ""Cinecolor-M\u00e9xico"", ""id"": 301}, {""name"": ""Cinecolor-Argentina"", ""id"": 303}, {""name"": ""Artcam y Fonds Sud Cin\u00e9ma"", ""id"": 304}]","[{""iso_3166_1"": ""MX"", ""name"": ""Mexico""}]",0
173,Max,"[{""name"": ""Sunswept Entertainment"", ""id"": 5219}, {""name"": ""Warner Bros."", ""id"": 6194}, {""name"": ""Metro-Goldwyn-Mayer (MGM)"", ""id"": 8411}, {""name"": ""Reel Chefs Catering"", ""id"": 83397}]","[{""iso_3166_1"": ""US"", ""name"": ""United States of America""}]",43967255
174,Highway,"[{""name"": ""Alex Entertainment Inc."", ""id"": 50893}]","[{""iso_3166_1"": ""US"", ""name"": ""United States of America""}]",0
175,Full Frontal,"[{""name"": ""Miramax Films"", ""id"": 14}, {""name"": ""Populist Pictures"", ""id"": 14729}, {""name"": ""Monophonic Inc."", ""id"": 69989}]","[{""iso_3166_1"": ""US"", ""name"": ""United States of America""}]",2506446
176,Morvern Callar,"[{""name"": ""Company Pictures"", ""id"": 11842}]","[{""iso_3166_1"": ""GB"", ""name"": ""United Kingdom""}, {""iso_3166_1"": ""CA"", ""name"": ""Canada""}]",0
177,Deuces Wild,"[{""name"": ""United Artists"", ""id"": 60}]","[{""iso_3166_1"": ""DE"", ""name"": ""Germany""}, {""iso_3166_1"": ""US"", ""name"": ""United States of America""}]",0
178,Brown Sugar,[],[],27362712
179,Poolhall Junkies,"[{""name"": ""Gold Circle Films"", ""id"": 12026}]","[{""iso_3166_1"": ""US"", ""name"": ""United States of America""}]",0
180,All or Nothing,"[{""name"": ""Les Films Alain Sarde"", ""id"": 635}, {""name"": ""Thin Man Films"", ""id"": 10100}]","[{""iso_3166_1"": ""FR"", ""name"": ""France""}, {""iso_3166_1"": ""GB"", ""name"": ""United Kingdom""}]",0
181,Red Dragon,"[{""name"": ""Universal Pictures"", ""id"": 33}, {""name"": ""Metro-Goldwyn-Mayer (MGM)"", ""id"": 8411}]","[{""iso_3166_1"": ""DE"", ""name"": ""Germany""}, {""iso_3166_1"": ""US"", ""name"": ""United States of America""}]",209196298
182,The Crocodile Hunter: Collision Course,"[{""name"": ""Cheyenne Enterprises"", ""id"": 890}, {""name"": ""Discovery Channel Pictures"", ""id"": 7492}, {""name"": ""Metro-Goldwyn-Mayer (MGM)"", ""id"": 8411}, {""name"": ""J&M Entertainment"", ""id"": 12474}, {""name"": ""Animal Planet"", ""id"": 63105}, {""name"": ""Winchester Films"", ""id"": 68063}, {""name"": ""Best Picture Show Company, The"", ""id"": 68064}]","[{""iso_3166_1"": ""AU"", ""name"": ""Australia""}, {""iso_3166_1"": ""US"", ""name"": ""United States of America""}]",33082548
183,Mondays in the Sun,"[{""name"": ""V\u00eda Digital"", ""id"": 357}, {""name"": ""Eurimages"", ""id"": 850}, {""name"": ""Continental Producciones"", ""id"": 6279}, {""name"": ""Instituto de la Cinematograf\u00eda y de las Artes Audiovisuales (ICAA)"", ""id"": 9974}, {""name"": ""Televisi\u00f3n de Galicia (TVG) S.A."", ""id"": 10050}, {""name"": ""Antena 3 Televisi\u00f3n"", ""id"": 11737}, {""name"": ""Sogepaq"", ""id"": 11955}, {""name"": ""El\u00edas Querejeta Producciones Cinematogr\u00e1ficas S.L."", ""id"": 12009}, {""name"": ""Mediapro"", ""id"": 12010}, {""name"": ""Quo Vadis Cin\u00e9ma"", ""id"": 12011}, {""name"": ""Eyescreen S.r.l."", ""id"": 12012}]","[{""iso_3166_1"": ""ES"", ""name"": ""Spain""}, {""iso_3166_1"": ""FR"", ""name"": ""France""}, {""iso_3166_1"": ""IT"", ""name"": ""Italy""}]",146402
184,Real Women Have Curves,[],[],0
185,Juwanna Mann,"[{""name"": ""Warner Bros."", ""id"": 6194}, {""name"": ""Morgan Creek Productions"", ""id"": 10210}]","[{""iso_3166_1"": ""US"", ""name"": ""United States of America""}]",0
186,City of Ghosts,[],"[{""iso_3166_1"": ""US"", ""name"": ""United States of America""}]",0
187,Alive,"[{""name"": ""Paramount Pictures"", ""id"": 4}, {""name"": ""Touchstone Pictures"", ""id"": 9195}]","[{""iso_3166_1"": ""US"", ""name"": ""United States of America""}]",36733909
188,Better Luck Tomorrow,[],"[{""iso_3166_1"": ""US"", ""name"": ""United States of America""}]",0
189,Blue Car,[],[],464000
190,Raising Victor Vargas,[],"[{""iso_3166_1"": ""US"", ""name"": ""United States of America""}]",2816116
191,New Year's Eve,"[{""name"": ""New Line Cinema"", ""id"": 12}]","[{""iso_3166_1"": ""US"", ""name"": ""United States of America""}]",142044638
192,Tadpole,"[{""name"": ""IFC Productions"", ""id"": 26468}, {""name"": ""InDigEnt (Independent Digital Entertainment)"", ""id"": 26469}, {""name"": ""Miramax"", ""id"": 53009}, {""name"": ""Dolly Hall Productions"", ""id"": 86089}]","[{""iso_3166_1"": ""US"", ""name"": ""United States of America""}]",2891288
193,Tycoon,"[{""name"": ""RKO Radio Pictures"", ""id"": 6}]","[{""iso_3166_1"": ""US"", ""name"": ""United States of America""}]",0
194,Jonah: A VeggieTales Movie,"[{""name"": ""Big Idea Productions"", ""id"": 3204}]","[{""iso_3166_1"": ""US"", ""name"": ""United States of America""}]",0
195,Ararat,"[{""name"": ""Alliance Atlantis Communications"", ""id"": 803}, {""name"": ""Serendipity Point Films"", ""id"": 805}, {""name"": ""Ego Film Arts"", ""id"": 12800}]","[{""iso_3166_1"": ""CA"", ""name"": ""Canada""}, {""iso_3166_1"": ""FR"", ""name"": ""France""}]",0
196,War,"[{""name"": ""Mosaic Media Group"", ""id"": 748}, {""name"": ""Current Entertainment"", ""id"": 972}, {""name"": ""Lionsgate"", ""id"": 1632}, {""name"": ""Fierce Entertainment"", ""id"": 12138}, {""name"": ""Province of British Columbia Production Services Tax Credit"", ""id"": 12200}, {""name"": ""Rogue Films"", ""id"": 23956}]","[{""iso_3166_1"": ""US"", ""name"": ""United States of America""}, {""iso_3166_1"": ""CA"", ""name"": ""Canada""}]",40452643
197,Men with Brooms,[],"[{""iso_3166_1"": ""CA"", ""name"": ""Canada""}]",4245870
198,The Singles Ward,"[{""name"": ""Halestorm entertainment"", ""id"": 4003}]","[{""iso_3166_1"": ""US"", ""name"": ""United States of America""}]",0
199,The Singles Ward,"[{""name"": ""Halestorm entertainment"", ""id"": 4003}]","[{""iso_3166_1"": ""US"", ""name"": ""United States of America""}]",0
200,Addicted,"[{""name"": ""Lionsgate"", ""id"": 1632}, {""name"": ""Codeblack Entertainment"", ""id"": 35327}]","[{""iso_3166_1"": ""US"", ""name"": ""United States of America""}]",0
201,Three,"[{""name"": ""X-Filme Creative Pool"", ""id"": 1972}, {""name"": ""ARTE"", ""id"": 5766}, {""name"": ""Westdeutscher Rundfunk (WDR)"", ""id"": 7025}, {""name"": ""ARD Degeto Film"", ""id"": 10947}]","[{""iso_3166_1"": ""DE"", ""name"": ""Germany""}]",2611555
202,Hostage,"[{""name"": ""Miramax Films"", ""id"": 14}, {""name"": ""Cheyenne Enterprises"", ""id"": 890}, {""name"": ""Yari Film Group"", ""id"": 2448}, {""name"": ""Stratus Film Co."", ""id"": 11027}, {""name"": ""Syndicate Films International"", ""id"": 26947}, {""name"": ""Equity Pictures Medienfonds GmbH & Co. KG II"", ""id"": 26948}, {""name"": ""Hostage GmbH"", ""id"": 26949}]","[{""iso_3166_1"": ""DE"", ""name"": ""Germany""}, {""iso_3166_1"": ""US"", ""name"": ""United States of America""}]",77944725
203,Sunshine State,[],[],0
204,Never Again,[],[],0
205,Stranded,"[{""name"": ""Enderby Entertainment"", ""id"": 21608}]","[{""iso_3166_1"": ""US"", ""name"": ""United States of America""}]",0
206,The Slaughter Rule,[],"[{""iso_3166_1"": ""US"", ""name"": ""United States of America""}]",0
207,Dracula: Pages from a Virgin's Diary,"[{""name"": ""Canadian Broadcasting Corporation (CBC)"", ""id"": 12113}, {""name"": ""Dracula Productions Inc."", ""id"": 94410}, {""name"": ""Vonnie Von Helmolt Film"", ""id"": 94411}]","[{""iso_3166_1"": ""CA"", ""name"": ""Canada""}]",0
208,Stolen Summer,[],[],0
209,Cinderella,"[{""name"": ""Walt Disney Pictures"", ""id"": 2}, {""name"": ""Genre Films"", ""id"": 28788}, {""name"": ""Beagle Pug Films"", ""id"": 46339}, {""name"": ""Allison Shearmur Productions"", ""id"": 47706}]","[{""iso_3166_1"": ""GB"", ""name"": ""United Kingdom""}, {""iso_3166_1"": ""US"", ""name"": ""United States of America""}]",543514353
210,Contagion,"[{""name"": ""Double Feature Films"", ""id"": 215}, {""name"": ""Regency Enterprises"", ""id"": 508}, {""name"": ""Warner Bros."", ""id"": 6194}, {""name"": ""Participant Media"", ""id"": 6735}, {""name"": ""Imagenation Abu Dhabi FZ"", ""id"": 6736}]","[{""iso_3166_1"": ""US"", ""name"": ""United States of America""}, {""iso_3166_1"": ""AE"", ""name"": ""United Arab Emirates""}]",137551594
