title,User_name,User_id
Harry Potter and the Chamber of Secrets,CallMeKevin1811,215298957
Harry Potter and the Chamber of Secrets,R3xoss,904016211750658049
Harry Potter and the Chamber of Secrets,FortniteGame,425871040
Harry Potter and the Chamber of Secrets,Complex,13049362
Harry Potter and the Chamber of Secrets,Keggerade,1390181388
The Lord of the Rings: The Two Towers,BertShowBert,21097886
The Lord of the Rings: The Two Towers,sadrianom,1013452766
The Lord of the Rings: The Two Towers,Weinbach,761985912456613888
The Lord of the Rings: The Two Towers,AlphaOmegaSin,114684274
The Lord of the Rings: The Two Towers,_Rico21,159683729
