,Name,User_id,Followers,title,User_name
0,Kevin,215298957,95538,Harry Potter and the Chamber of Secrets,CallMeKevin1811
100,Creative R3xoss ‚ç®,904016211750658049,138,Harry Potter and the Chamber of Secrets,R3xoss
200,Fortnite,425871040,7275739,Harry Potter and the Chamber of Secrets,FortniteGame
300,Complex,13049362,1587676,Harry Potter and the Chamber of Secrets,Complex
400,Keggerade [TBD],1390181388,2606,Harry Potter and the Chamber of Secrets,Keggerade
500,Bert Weiss,21097886,76958,The Lord of the Rings: The Two Towers,BertShowBert
600,Sadrian Olvera,1013452766,191,The Lord of the Rings: The Two Towers,sadrianom
699,Will Weinbach,761985912456613888,515898,The Lord of the Rings: The Two Towers,Weinbach
799,AlphaOmegaSin,114684274,73263,The Lord of the Rings: The Two Towers,AlphaOmegaSin
899,Plant üå±Based Papi,159683729,4614,The Lord of the Rings: The Two Towers,_Rico21
,Name,User_id,Followers,title,User_name
0,Kevin,215298957,95538,Harry Potter and the Chamber of Secrets,CallMeKevin1811
100,Creative R3xoss ‚ç®,904016211750658049,138,Harry Potter and the Chamber of Secrets,R3xoss
200,Fortnite,425871040,7275739,Harry Potter and the Chamber of Secrets,FortniteGame
300,Complex,13049362,1587676,Harry Potter and the Chamber of Secrets,Complex
400,Keggerade [TBD],1390181388,2606,Harry Potter and the Chamber of Secrets,Keggerade
500,Bert Weiss,21097886,76958,The Lord of the Rings: The Two Towers,BertShowBert
600,Sadrian Olvera,1013452766,191,The Lord of the Rings: The Two Towers,sadrianom
699,Will Weinbach,761985912456613888,515898,The Lord of the Rings: The Two Towers,Weinbach
799,AlphaOmegaSin,114684274,73263,The Lord of the Rings: The Two Towers,AlphaOmegaSin
899,Plant üå±Based Papi,159683729,4614,The Lord of the Rings: The Two Towers,_Rico21
